Glyph Name,Unicode Codepoint (hex),Character
.notdef,—,
.null,—,
nonmarkingreturn,—,
uniE000,U+E000,
uniE001,U+E001,
uniE002,U+E002,
uniE003,U+E003,
uniE004,U+E004,
uniE005,U+E005,
uniE006,U+E006,
uniE007,U+E007,
uniE008,U+E008,
uniE009,U+E009,
uniE00A,U+E00A,
uniE00B,U+E00B,
uniE00C,U+E00C,
uniE00D,U+E00D,
uniE00E,U+E00E,
uniE00F,U+E00F,
uniE010,U+E010,
uniE011,U+E011,
uniE012,U+E012,
uniE013,U+E013,
uniE014,U+E014,
uniE015,U+E015,
uniE016,U+E016,
uniE017,U+E017,
uniE018,U+E018,
uniE019,U+E019,
uniE01A,U+E01A,
uniE01B,U+E01B,
uniE01C,U+E01C,
uniE01D,U+E01D,
uniE01E,U+E01E,
uniE01F,U+E01F,
uniE020,U+E020,
uniE021,U+E021,
uniE022,U+E022,
uniE023,U+E023,
uniE024,U+E024,
uniE025,U+E025,
uniE026,U+E026,
uniE027,U+E027,
uniE028,U+E028,
uniE029,U+E029,
uniE02A,U+E02A,
uniE02B,U+E02B,
uniE02C,U+E02C,
uniE02D,U+E02D,
uniE02E,U+E02E,
uniE02F,U+E02F,
uniE030,U+E030,
uniE031,U+E031,
uniE032,U+E032,
uniE033,U+E033,
uniE034,U+E034,
uniE035,U+E035,
uniE036,U+E036,
uniE037,U+E037,
uniE038,U+E038,
uniE039,U+E039,
uniE03A,U+E03A,
uniE03B,U+E03B,
uniE03C,U+E03C,
uniE03D,U+E03D,
uniE03E,U+E03E,
uniE03F,U+E03F,
uniE040,U+E040,
uniE041,U+E041,
uniE042,U+E042,
uniE043,U+E043,
uniE044,U+E044,
uniE045,U+E045,
uniE046,U+E046,
uniE047,U+E047,
uniE048,U+E048,
uniE049,U+E049,
uniE04A,U+E04A,
uniE04B,U+E04B,
uniE04C,U+E04C,
uniE04D,U+E04D,
uniE04E,U+E04E,
uniE04F,U+E04F,
uniE050,U+E050,
uniE051,U+E051,
uniE052,U+E052,
uniE053,U+E053,
uniE054,U+E054,
uniE055,U+E055,
uniE056,U+E056,
uniE057,U+E057,
uniE058,U+E058,
uniE059,U+E059,
uniE05A,U+E05A,
uniE05B,U+E05B,
uniE05C,U+E05C,
uniE05D,U+E05D,
uniE05E,U+E05E,
uniE05F,U+E05F,
uniE060,U+E060,
uniE061,U+E061,
uniE062,U+E062,
uniE063,U+E063,
uniE064,U+E064,
uniE065,U+E065,
uniE066,U+E066,
uniE067,U+E067,
uniE068,U+E068,
uniE069,U+E069,
uniE06A,U+E06A,
uniE06B,U+E06B,
uniE06C,U+E06C,
uniE06D,U+E06D,
uniE06E,U+E06E,
uniE06F,U+E06F,
uniE070,U+E070,
uniE071,U+E071,
uniE072,U+E072,
uniE073,U+E073,
uniE074,U+E074,
uniE075,U+E075,
uniE076,U+E076,
uniE077,U+E077,
uniE078,U+E078,
uniE079,U+E079,
uniE07A,U+E07A,
uniE07B,U+E07B,
uniE07C,U+E07C,
uniE07D,U+E07D,
uniE07E,U+E07E,
uniE07F,U+E07F,
uniE080,U+E080,
uniE081,U+E081,
uniE082,U+E082,
uniE083,U+E083,
uniE084,U+E084,
uniE085,U+E085,
uniE086,U+E086,
uniE087,U+E087,
uniE088,U+E088,
uniE089,U+E089,
uniE08A,U+E08A,
uniE08B,U+E08B,
uniE08C,U+E08C,
uniE08D,U+E08D,
uniE08E,U+E08E,
uniE08F,U+E08F,
uniE090,U+E090,
uniE091,U+E091,
uniE092,U+E092,
uniE093,U+E093,
uniE094,U+E094,
uniE095,U+E095,
uniE096,U+E096,
uniE097,U+E097,
uniE098,U+E098,
uniE099,U+E099,
uniE09A,U+E09A,
uniE09B,U+E09B,
uniE09C,U+E09C,
uniE09D,U+E09D,
uniE09E,U+E09E,
uniE09F,U+E09F,
uniE0A0,U+E0A0,
uniE0A1,U+E0A1,
uniE0A2,U+E0A2,
uniE0A3,U+E0A3,
uniE0A4,U+E0A4,
uniE0A5,U+E0A5,
uniE0A6,U+E0A6,
uniE0A7,U+E0A7,
uniE0A8,U+E0A8,
uniE0A9,U+E0A9,
uniE0AA,U+E0AA,
uniE0AB,U+E0AB,
uniE0AC,U+E0AC,
uniE0AD,U+E0AD,
uniE0AE,U+E0AE,
uniE0AF,U+E0AF,
uniE0B0,U+E0B0,
uniE0B1,U+E0B1,
uniE0B2,U+E0B2,
uniE0B3,U+E0B3,
uniE0B4,U+E0B4,
uniE0B5,U+E0B5,
uniE0B6,U+E0B6,
uniE0B7,U+E0B7,
uniE0B8,U+E0B8,
uniE0B9,U+E0B9,
uniE0BA,U+E0BA,
uniE0BB,U+E0BB,
uniE0BC,U+E0BC,
uniE0BD,U+E0BD,
uniE0BE,U+E0BE,
uniE0BF,U+E0BF,
uniE0C0,U+E0C0,
uniE0C1,U+E0C1,
uniE0C2,U+E0C2,
uniE0C3,U+E0C3,
uniE0C4,U+E0C4,
uniE0C5,U+E0C5,
uniE0C6,U+E0C6,
uniE0C7,U+E0C7,
uniE0C8,U+E0C8,
uniE0C9,U+E0C9,
uniE0CA,U+E0CA,
uniE0CB,U+E0CB,
uniE0CC,U+E0CC,
uniE0CD,U+E0CD,
uniE0CE,U+E0CE,
uniE0CF,U+E0CF,
uniE0D0,U+E0D0,
uniE0D1,U+E0D1,
uniE0D2,U+E0D2,
uniE0D3,U+E0D3,
uniE0D4,U+E0D4,
uniE0D5,U+E0D5,
uniE0D6,U+E0D6,
uniE0D7,U+E0D7,
uniE0D8,U+E0D8,
uniE0D9,U+E0D9,
uniE0DA,U+E0DA,
uniE0DB,U+E0DB,
uniE0DC,U+E0DC,
uniE0DD,U+E0DD,
uniE0DE,U+E0DE,
uniE0DF,U+E0DF,
uniE0E0,U+E0E0,
uniE0E1,U+E0E1,
uniE0E2,U+E0E2,
uniE0E3,U+E0E3,
uniE0E4,U+E0E4,
uniE0E5,U+E0E5,
uniE0E6,U+E0E6,
uniE0E7,U+E0E7,
uniE0E8,U+E0E8,
uniE0E9,U+E0E9,
uniE0EA,U+E0EA,
uniE0EB,U+E0EB,
uniE0EC,U+E0EC,
uniE0ED,U+E0ED,
uniE0EE,U+E0EE,
uniE0EF,U+E0EF,
uniE0F0,U+E0F0,
uniE0F1,U+E0F1,
uniE0F2,U+E0F2,
uniE0F3,U+E0F3,
uniE0F4,U+E0F4,
uniE0F5,U+E0F5,
uniE0F6,U+E0F6,
uniE0F7,U+E0F7,
uniE0F8,U+E0F8,
uniE0F9,U+E0F9,
uniE0FA,U+E0FA,
uniE0FB,U+E0FB,
uniE0FC,U+E0FC,
uniE0FD,U+E0FD,
uniE0FE,U+E0FE,
uniE0FF,U+E0FF,
uniE100,U+E100,
uniE101,U+E101,
uniE102,U+E102,
uniE103,U+E103,
uniE104,U+E104,
uniE105,U+E105,
uniE106,U+E106,
uniE107,U+E107,
uniE108,U+E108,
uniE109,U+E109,
uniE10A,U+E10A,
uniE10B,U+E10B,
uniE10C,U+E10C,
uniE10D,U+E10D,
uniE10E,U+E10E,
uniE10F,U+E10F,
uniE110,U+E110,
uniE111,U+E111,
uniE112,U+E112,
uniE113,U+E113,
uniE114,U+E114,
uniE115,U+E115,
uniE116,U+E116,
uniE117,U+E117,
uniE118,U+E118,
uniE119,U+E119,
uniE11A,U+E11A,
uniE11B,U+E11B,
uniE11C,U+E11C,
uniE11D,U+E11D,
uniE11E,U+E11E,
uniE11F,U+E11F,
uniE120,U+E120,
uniE121,U+E121,
uniE122,U+E122,
uniE123,U+E123,
uniE124,U+E124,
uniE125,U+E125,
uniE126,U+E126,
uniE127,U+E127,
uniE128,U+E128,
uniE129,U+E129,
uniE12A,U+E12A,
uniE12B,U+E12B,
uniE12C,U+E12C,
uniE12D,U+E12D,
uniE12E,U+E12E,
uniE12F,U+E12F,
uniE130,U+E130,
uniE131,U+E131,
uniE132,U+E132,
uniE133,U+E133,
uniE134,U+E134,
uniE135,U+E135,
uniE136,U+E136,
uniE137,U+E137,
uniE138,U+E138,
uniE139,U+E139,
uniE13A,U+E13A,
uniE13B,U+E13B,
uniE13C,U+E13C,
uniE13D,U+E13D,
uniE13E,U+E13E,
uniE13F,U+E13F,
uniE140,U+E140,
uniE141,U+E141,
uniE142,U+E142,
uniE143,U+E143,
uniE144,U+E144,
uniE145,U+E145,
uniE146,U+E146,
uniE147,U+E147,
uniE148,U+E148,
uniE149,U+E149,
uniE14A,U+E14A,
uniE14B,U+E14B,
uniE14C,U+E14C,
uniE14D,U+E14D,
uniE14E,U+E14E,
uniE14F,U+E14F,
uniE150,U+E150,
uniE151,U+E151,
uniE152,U+E152,
uniE153,U+E153,
uniE154,U+E154,
uniE155,U+E155,
uniE156,U+E156,
uniE157,U+E157,
uniE158,U+E158,
uniE159,U+E159,
uniE15A,U+E15A,
uniE15B,U+E15B,
uniE15C,U+E15C,
uniE15D,U+E15D,
uniE15E,U+E15E,
uniE15F,U+E15F,
uniE160,U+E160,
uniE161,U+E161,
uniE162,U+E162,
uniE163,U+E163,
uniE164,U+E164,
uniE165,U+E165,
uniE166,U+E166,
uniE167,U+E167,
uniE168,U+E168,
uniE169,U+E169,
uniE16A,U+E16A,
uniE16B,U+E16B,
uniE16C,U+E16C,
uniE16D,U+E16D,
uniE16E,U+E16E,
uniE16F,U+E16F,
uniE170,U+E170,
uniE171,U+E171,
uniE172,U+E172,
uniE173,U+E173,
uniE174,U+E174,
uniE175,U+E175,
uniE176,U+E176,
uniE177,U+E177,
uniE178,U+E178,
uniE179,U+E179,
uniE17A,U+E17A,
uniE17B,U+E17B,
uniE17C,U+E17C,
uniE17D,U+E17D,
uniE17E,U+E17E,
uniE17F,U+E17F,
uniE180,U+E180,
uniE181,U+E181,
uniE182,U+E182,
uniE183,U+E183,
uniE184,U+E184,
uniE185,U+E185,
uniE186,U+E186,
uniE187,U+E187,
uniE188,U+E188,
uniE189,U+E189,
uniE18A,U+E18A,
uniE18B,U+E18B,
uniE18C,U+E18C,
uniE18D,U+E18D,
uniE18E,U+E18E,
uniE18F,U+E18F,
uniE190,U+E190,
uniE191,U+E191,
uniE192,U+E192,
uniE193,U+E193,
uniE194,U+E194,
uniE195,U+E195,
uniE196,U+E196,
uniE197,U+E197,
uniE198,U+E198,
uniE199,U+E199,
uniE19A,U+E19A,
uniE19B,U+E19B,
uniE19C,U+E19C,
uniE19D,U+E19D,
uniE19E,U+E19E,
uniE19F,U+E19F,
uniE1A0,U+E1A0,
uniE1A1,U+E1A1,
uniE1A2,U+E1A2,
uniE1A3,U+E1A3,
uniE1A4,U+E1A4,
uniE1A5,U+E1A5,
uniE1A6,U+E1A6,
uniE1A7,U+E1A7,
uniE1A8,U+E1A8,
uniE1A9,U+E1A9,
uniE1AA,U+E1AA,
uniE1AB,U+E1AB,
uniE1AC,U+E1AC,
uniE1AD,U+E1AD,
uniE1AE,U+E1AE,
uniE1AF,U+E1AF,
uniE1B0,U+E1B0,
uniE1B1,U+E1B1,
uniE1B2,U+E1B2,
uniE1B3,U+E1B3,
uniE1B4,U+E1B4,
uniE1B5,U+E1B5,
uniE1B6,U+E1B6,
uniE1B7,U+E1B7,
uniE1B8,U+E1B8,
uniE1B9,U+E1B9,
uniE1BA,U+E1BA,
uniE1BB,U+E1BB,
uniE1BC,U+E1BC,
uniE1BD,U+E1BD,
uniE1BE,U+E1BE,
uniE1BF,U+E1BF,
uniE1C0,U+E1C0,
uniE1C1,U+E1C1,
uniE1C2,U+E1C2,
uniE1C3,U+E1C3,
uniE1C4,U+E1C4,
uniE1C5,U+E1C5,
uniE1C6,U+E1C6,
uniE1C7,U+E1C7,
uniE1C8,U+E1C8,
uniE1C9,U+E1C9,
uniE1CA,U+E1CA,
uniE1CB,U+E1CB,
uniE1CC,U+E1CC,
uniE1CD,U+E1CD,
uniE1CE,U+E1CE,
uniE1CF,U+E1CF,
uniE1D0,U+E1D0,
uniE1D1,U+E1D1,
uniE1D2,U+E1D2,
uniE1D3,U+E1D3,
uniE1D4,U+E1D4,
uniE1D5,U+E1D5,
uniE1D6,U+E1D6,
uniE1D7,U+E1D7,
uniE1D8,U+E1D8,
uniE1D9,U+E1D9,
uniE1DA,U+E1DA,
uniE1DB,U+E1DB,
uniE1DC,U+E1DC,
uniE1DD,U+E1DD,
uniE1DE,U+E1DE,
uniE1DF,U+E1DF,
uniE1E0,U+E1E0,
uniE1E1,U+E1E1,
uniE1E2,U+E1E2,
uniE1E3,U+E1E3,
uniE1E4,U+E1E4,
uniE1E5,U+E1E5,
uniE1E6,U+E1E6,
uniE1E7,U+E1E7,
uniE1E8,U+E1E8,
uniE1E9,U+E1E9,
uniE1EA,U+E1EA,
uniE1EB,U+E1EB,
uniE1EC,U+E1EC,
uniE1ED,U+E1ED,
uniE1EE,U+E1EE,
uniE1EF,U+E1EF,
uniE1F0,U+E1F0,
uniE1F1,U+E1F1,
uniE1F2,U+E1F2,
uniE1F3,U+E1F3,
uniE1F4,U+E1F4,
uniE1F5,U+E1F5,
uniE1F6,U+E1F6,
uniE1F7,U+E1F7,
uniE1F8,U+E1F8,
uniE1F9,U+E1F9,
uniE1FA,U+E1FA,
uniE1FB,U+E1FB,
uniE1FC,U+E1FC,
uniE1FD,U+E1FD,
uniE1FE,U+E1FE,
uniE1FF,U+E1FF,
uniE200,U+E200,
uniE201,U+E201,
uniE202,U+E202,
uniE203,U+E203,
uniE204,U+E204,
uniE205,U+E205,
uniE206,U+E206,
uniE207,U+E207,
uniE208,U+E208,
uniE209,U+E209,
uniE20A,U+E20A,
uniE20B,U+E20B,
uniE20C,U+E20C,
uniE20D,U+E20D,
uniE20E,U+E20E,
uniE20F,U+E20F,
uniE210,U+E210,
uniE211,U+E211,
uniE212,U+E212,
uniE213,U+E213,
uniE214,U+E214,
uniE215,U+E215,
uniE216,U+E216,
uniE217,U+E217,
uniE218,U+E218,
uniE219,U+E219,
uniE21A,U+E21A,
uniE21B,U+E21B,
uniE21C,U+E21C,
uniE21D,U+E21D,
uniE21E,U+E21E,
uniE21F,U+E21F,
uniE220,U+E220,
uniE221,U+E221,
uniE222,U+E222,
uniE223,U+E223,
uniE224,U+E224,
uniE225,U+E225,
uniE226,U+E226,
uniE227,U+E227,
uniE228,U+E228,
uniE229,U+E229,
uniE22A,U+E22A,
uniE22B,U+E22B,
uniE22C,U+E22C,
uniE22D,U+E22D,
uniE22E,U+E22E,
uniE22F,U+E22F,
uniE230,U+E230,
uniE231,U+E231,
uniE232,U+E232,
uniE233,U+E233,
uniE234,U+E234,
uniE235,U+E235,
uniE236,U+E236,
uniE237,U+E237,
uniE238,U+E238,
uniE239,U+E239,
uniE23A,U+E23A,
uniE23B,U+E23B,
uniE23C,U+E23C,
uniE23D,U+E23D,
uniE23E,U+E23E,
uniE23F,U+E23F,
uniE240,U+E240,
uniE241,U+E241,
uniE242,U+E242,
uniE243,U+E243,
uniE244,U+E244,
uniE245,U+E245,
uniE246,U+E246,
uniE247,U+E247,
uniE248,U+E248,
uniE249,U+E249,
uniE24A,U+E24A,
uniE24B,U+E24B,
uniE24C,U+E24C,
uniE24D,U+E24D,
uniE24E,U+E24E,
uniE24F,U+E24F,
uniE250,U+E250,
uniE251,U+E251,
uniE252,U+E252,
uniE253,U+E253,
uniE254,U+E254,
uniE255,U+E255,
uniE256,U+E256,
uniE257,U+E257,
uniE258,U+E258,
uniE259,U+E259,
uniE25A,U+E25A,
uniE25B,U+E25B,
uniE25C,U+E25C,
uniE25D,U+E25D,
uniE25E,U+E25E,
uniE25F,U+E25F,
uniE260,U+E260,
uniE261,U+E261,
uniE262,U+E262,
uniE263,U+E263,
uniE264,U+E264,
uniE265,U+E265,
uniE266,U+E266,
uniE267,U+E267,
uniE268,U+E268,
uniE269,U+E269,
uniE26A,U+E26A,
uniE26B,U+E26B,
uniE26C,U+E26C,
uniE26D,U+E26D,
uniE26E,U+E26E,
uniE26F,U+E26F,
uniE270,U+E270,
uniE271,U+E271,
uniE272,U+E272,
uniE273,U+E273,
uniE274,U+E274,
uniE275,U+E275,
uniE276,U+E276,
uniE277,U+E277,
uniE278,U+E278,
uniE279,U+E279,
uniE27A,U+E27A,
uniE27B,U+E27B,
uniE27C,U+E27C,
uniE27D,U+E27D,
uniE27E,U+E27E,
uniE27F,U+E27F,
uniE280,U+E280,
uniE281,U+E281,
uniE282,U+E282,
uniE283,U+E283,
uniE284,U+E284,
uniE285,U+E285,
uniE286,U+E286,
uniE287,U+E287,
uniE288,U+E288,
uniE289,U+E289,
uniE28A,U+E28A,
uniE28B,U+E28B,
uniE28C,U+E28C,
uniE28D,U+E28D,
uniE28E,U+E28E,
uniE28F,U+E28F,
uniE290,U+E290,
uniE291,U+E291,
uniE292,U+E292,
uniE293,U+E293,
uniE294,U+E294,
uniE295,U+E295,
uniE296,U+E296,
uniE297,U+E297,
uniE298,U+E298,
uniE299,U+E299,
uniE29A,U+E29A,
uniE29B,U+E29B,
uniE29C,U+E29C,
uniE29D,U+E29D,
uniE29E,U+E29E,
uniE29F,U+E29F,
uniE2A0,U+E2A0,
uniE2A1,U+E2A1,
uniE2A2,U+E2A2,
uniE2A3,U+E2A3,
uniE2A4,U+E2A4,
uniE2A5,U+E2A5,
uniE2A6,U+E2A6,
uniE2A7,U+E2A7,
uniE2A8,U+E2A8,
uniE2A9,U+E2A9,
uniE2AA,U+E2AA,
uniE2AB,U+E2AB,
uniE2AC,U+E2AC,
uniE2AD,U+E2AD,
uniE2AE,U+E2AE,
uniE2AF,U+E2AF,
uniE2B0,U+E2B0,
uniE2B1,U+E2B1,
uniE2B2,U+E2B2,
uniE2B3,U+E2B3,
uniE2B4,U+E2B4,
uniE2B5,U+E2B5,
uniE2B6,U+E2B6,
uniE2B7,U+E2B7,
uniE2B8,U+E2B8,
uniE2B9,U+E2B9,
uniE2BA,U+E2BA,
uniE2BB,U+E2BB,
uniE2BC,U+E2BC,
uniE2BD,U+E2BD,
uniE2BE,U+E2BE,
uniE2BF,U+E2BF,
uniE2C0,U+E2C0,
uniE2C1,U+E2C1,
uniE2C2,U+E2C2,
uniE2C3,U+E2C3,
uniE2C4,U+E2C4,
uniE2C5,U+E2C5,
uniE2C6,U+E2C6,
uniE2C7,U+E2C7,
uniE2C8,U+E2C8,
uniE2C9,U+E2C9,
uniE2CA,U+E2CA,
uniE2CB,U+E2CB,
uniE2CC,U+E2CC,
uniE2CD,U+E2CD,
uniE2CE,U+E2CE,
uniE2CF,U+E2CF,
uniE2D0,U+E2D0,
uniE2D1,U+E2D1,
uniE2D2,U+E2D2,
uniE2D3,U+E2D3,
uniE2D4,U+E2D4,
uniE2D5,U+E2D5,
uniE2D6,U+E2D6,
uniE2D7,U+E2D7,
uniE2D8,U+E2D8,
uniE2D9,U+E2D9,
uniE2DA,U+E2DA,
uniE2DB,U+E2DB,
uniE2DC,U+E2DC,
uniE2DD,U+E2DD,
uniE2DE,U+E2DE,
uniE2DF,U+E2DF,
uniE2E0,U+E2E0,
uniE2E1,U+E2E1,
uniE2E2,U+E2E2,
uniE2E3,U+E2E3,
uniE2E4,U+E2E4,
uniE2E5,U+E2E5,
uniE2E6,U+E2E6,
uniE2E7,U+E2E7,
uniE2E8,U+E2E8,
uniE2E9,U+E2E9,
uniE2EA,U+E2EA,
uniE2EB,U+E2EB,
uniE2EC,U+E2EC,
uniE2ED,U+E2ED,
uniE2EE,U+E2EE,
uniE2EF,U+E2EF,
uniE2F0,U+E2F0,
uniE2F1,U+E2F1,
uniE2F2,U+E2F2,
uniE2F3,U+E2F3,
uniE2F4,U+E2F4,
uniE2F5,U+E2F5,
uniE2F6,U+E2F6,
uniE2F7,U+E2F7,
uniE2F8,U+E2F8,
uniE2F9,U+E2F9,
uniE2FA,U+E2FA,
uniE2FB,U+E2FB,
uniE2FC,U+E2FC,
uniE2FD,U+E2FD,
uniE2FE,U+E2FE,
uniE2FF,U+E2FF,
uniE300,U+E300,
uniE301,U+E301,
uniE302,U+E302,
uniE303,U+E303,
uniE304,U+E304,
uniE305,U+E305,
uniE306,U+E306,
uniE307,U+E307,
uniE308,U+E308,
uniE309,U+E309,
uniE30A,U+E30A,
uniE30B,U+E30B,
uniE30C,U+E30C,
uniE30D,U+E30D,
uniE30E,U+E30E,
uniE30F,U+E30F,
uniE310,U+E310,
uniE311,U+E311,
uniE312,U+E312,
uniE313,U+E313,
uniE314,U+E314,
uniE315,U+E315,
uniE316,U+E316,
uniE317,U+E317,
uniE318,U+E318,
uniE319,U+E319,
uniE31A,U+E31A,
uniE31B,U+E31B,
uniE31C,U+E31C,
uniE31D,U+E31D,
uniE31E,U+E31E,
uniE31F,U+E31F,
uniE320,U+E320,
uniE321,U+E321,
uniE322,U+E322,
uniE323,U+E323,
uniE324,U+E324,
uniE325,U+E325,
uniE326,U+E326,
uniE327,U+E327,
uniE328,U+E328,
uniE329,U+E329,
uniE32A,U+E32A,
uniE32B,U+E32B,
uniE32C,U+E32C,
uniE32D,U+E32D,
uniE32E,U+E32E,
uniE32F,U+E32F,
uniE330,U+E330,
uniE331,U+E331,
uniE332,U+E332,
uniE333,U+E333,
uniE334,U+E334,
uniE335,U+E335,
uniE336,U+E336,
uniE337,U+E337,
uniE338,U+E338,
uniE339,U+E339,
uniE33A,U+E33A,
uniE33B,U+E33B,
uniE33C,U+E33C,
uniE33D,U+E33D,
uniE33E,U+E33E,
uniE33F,U+E33F,
uniE340,U+E340,
uniE341,U+E341,
uniE342,U+E342,
uniE343,U+E343,
uniE344,U+E344,
uniE345,U+E345,
uniE346,U+E346,
uniE347,U+E347,
uniE348,U+E348,
uniE349,U+E349,
uniE34A,U+E34A,
uniE34B,U+E34B,
uniE34C,U+E34C,
uniE34D,U+E34D,
uniE34E,U+E34E,
uniE34F,U+E34F,
uniE350,U+E350,
uniE351,U+E351,
uniE352,U+E352,
uniE353,U+E353,
uniE354,U+E354,
uniE355,U+E355,
uniE356,U+E356,
uniE357,U+E357,
uniE358,U+E358,
uniE359,U+E359,
uniE35A,U+E35A,
uniE35B,U+E35B,
uniE35C,U+E35C,
uniE35D,U+E35D,
uniE35E,U+E35E,
uniE35F,U+E35F,
uniE360,U+E360,
uniE361,U+E361,
uniE362,U+E362,
uniE363,U+E363,
uniE364,U+E364,
uniE365,U+E365,
uniE366,U+E366,
uniE367,U+E367,
uniE368,U+E368,
uniE369,U+E369,
uniE36A,U+E36A,
uniE36B,U+E36B,
uniE36C,U+E36C,
uniE36D,U+E36D,
uniE36E,U+E36E,
uniE36F,U+E36F,
uniE370,U+E370,
uniE371,U+E371,
uniE372,U+E372,
uniE373,U+E373,
uniE374,U+E374,
uniE375,U+E375,
uniE376,U+E376,
uniE377,U+E377,
uniE378,U+E378,
uniE379,U+E379,
uniE37A,U+E37A,
uniE37B,U+E37B,
uniE37C,U+E37C,
uniE37D,U+E37D,
uniE37E,U+E37E,
uniE37F,U+E37F,
uniE380,U+E380,
uniE381,U+E381,
uniE382,U+E382,
uniE383,U+E383,
uniE384,U+E384,
uniE385,U+E385,
uniE386,U+E386,
uniE387,U+E387,
uniE388,U+E388,
uniE389,U+E389,
uniE38A,U+E38A,
uniE38B,U+E38B,
uniE38C,U+E38C,
uniE38D,U+E38D,
uniE38E,U+E38E,
uniE38F,U+E38F,
uniE390,U+E390,
uniE391,U+E391,
uniE392,U+E392,
uniE393,U+E393,
uniE394,U+E394,
uniE395,U+E395,
uniE396,U+E396,
uniE397,U+E397,
uniE398,U+E398,
uniE399,U+E399,
uniE39A,U+E39A,
uniE39B,U+E39B,
uniE39C,U+E39C,
uniE39D,U+E39D,
uniE39E,U+E39E,
uniE39F,U+E39F,
uniE3A0,U+E3A0,
uniE3A1,U+E3A1,
uniE3A2,U+E3A2,
uniE3A3,U+E3A3,
uniE3A4,U+E3A4,
uniE3A5,U+E3A5,
uniE3A6,U+E3A6,
uniE3A7,U+E3A7,
uniE3A8,U+E3A8,
uniE3A9,U+E3A9,
uniE3AA,U+E3AA,
uniE3AB,U+E3AB,
uniE3AC,U+E3AC,
uniE3AD,U+E3AD,
uniE3AE,U+E3AE,
uniE3AF,U+E3AF,
uniE3B0,U+E3B0,
uniE3B1,U+E3B1,
uniE3B2,U+E3B2,
uniE3B3,U+E3B3,
uniE3B4,U+E3B4,
uniE3B5,U+E3B5,
uniE3B6,U+E3B6,
uniE3B7,U+E3B7,
uniE3B8,U+E3B8,
uniE3B9,U+E3B9,
uniE3BA,U+E3BA,
uniE3BB,U+E3BB,
uniE3BC,U+E3BC,
uniE3BD,U+E3BD,
uniE3BE,U+E3BE,
uniE3BF,U+E3BF,
uniE3C0,U+E3C0,
uniE3C1,U+E3C1,
uniE3C2,U+E3C2,
uniE3C3,U+E3C3,
uniE3C4,U+E3C4,
uniE3C5,U+E3C5,
uniE3C6,U+E3C6,
uniE3C7,U+E3C7,
uniE3C8,U+E3C8,
uniE3C9,U+E3C9,
uniE3CA,U+E3CA,
uniE3CB,U+E3CB,
uniE3CC,U+E3CC,
uniE3CD,U+E3CD,
uniE3CE,U+E3CE,
uniE3CF,U+E3CF,
uniE3D0,U+E3D0,
uniE3D1,U+E3D1,
uniE3D2,U+E3D2,
uniE3D3,U+E3D3,
uniE3D4,U+E3D4,
uniE3D5,U+E3D5,
uniE3D6,U+E3D6,
uniE3D7,U+E3D7,
uniE3D8,U+E3D8,
uniE3D9,U+E3D9,
uniE3DA,U+E3DA,
uniE3DB,U+E3DB,
uniE3DC,U+E3DC,
uniE3DD,U+E3DD,
uniE3DE,U+E3DE,
uniE3DF,U+E3DF,
uniE3E0,U+E3E0,
uniE3E1,U+E3E1,
uniE3E2,U+E3E2,
uniE3E3,U+E3E3,
uniE3E4,U+E3E4,
uniE3E5,U+E3E5,
uniE3E6,U+E3E6,
uniE3E7,U+E3E7,
uniE3E8,U+E3E8,
uniE3E9,U+E3E9,
uniE3EA,U+E3EA,
uniE3EB,U+E3EB,
uniE3EC,U+E3EC,
uniE3ED,U+E3ED,
uniE3EE,U+E3EE,
uniE3EF,U+E3EF,
uniE3F0,U+E3F0,
uniE3F1,U+E3F1,
uniE3F2,U+E3F2,
uniE3F3,U+E3F3,
uniE3F4,U+E3F4,
uniE3F5,U+E3F5,
uniE3F6,U+E3F6,
uniE3F7,U+E3F7,
uniE3F8,U+E3F8,
uniE3F9,U+E3F9,
uniE3FA,U+E3FA,
uniE3FB,U+E3FB,
uniE3FC,U+E3FC,
uniE3FD,U+E3FD,
uniE3FE,U+E3FE,
uniE3FF,U+E3FF,
uniE400,U+E400,
uniE401,U+E401,
uniE402,U+E402,
uniE403,U+E403,
uniE404,U+E404,
uniE405,U+E405,
uniE406,U+E406,
uniE407,U+E407,
uniE408,U+E408,
uniE409,U+E409,
uniE40A,U+E40A,
uniE40B,U+E40B,
uniE40C,U+E40C,
uniE40D,U+E40D,
uniE40E,U+E40E,
uniE40F,U+E40F,
uniE410,U+E410,
uniE411,U+E411,
uniE412,U+E412,
uniE413,U+E413,
uniE414,U+E414,
uniE415,U+E415,
uniE416,U+E416,
uniE417,U+E417,
uniE418,U+E418,
uniE419,U+E419,
uniE41A,U+E41A,
uniE41B,U+E41B,
uniE41C,U+E41C,
uniE41D,U+E41D,
uniE41E,U+E41E,
uniE41F,U+E41F,
uniE420,U+E420,
uniE421,U+E421,
uniE422,U+E422,
uniE423,U+E423,
uniE424,U+E424,
uniE425,U+E425,
uniE426,U+E426,
uniE427,U+E427,
uniE428,U+E428,
uniE429,U+E429,
uniE42A,U+E42A,
uniE42B,U+E42B,
uniE42C,U+E42C,
uniE42D,U+E42D,
uniE42E,U+E42E,
uniE42F,U+E42F,
uniE430,U+E430,
uniE431,U+E431,
uniE432,U+E432,
uniE433,U+E433,
uniE434,U+E434,
uniE435,U+E435,
uniE436,U+E436,
uniE437,U+E437,
uniE438,U+E438,
uniE439,U+E439,
uniE43A,U+E43A,
uniE43B,U+E43B,
uniE43C,U+E43C,
uniE43D,U+E43D,
uniE43E,U+E43E,
uniE43F,U+E43F,
uniE440,U+E440,
uniE441,U+E441,
uniE442,U+E442,
uniE443,U+E443,
uniE444,U+E444,
uniE445,U+E445,
uniE446,U+E446,
uniE447,U+E447,
uniE448,U+E448,
uniE449,U+E449,
uniE44A,U+E44A,
uniE44B,U+E44B,
uniE44C,U+E44C,
uniE44D,U+E44D,
uniE44E,U+E44E,
uniE44F,U+E44F,
uniE450,U+E450,
uniE451,U+E451,
uniE452,U+E452,
uniE453,U+E453,
uniE454,U+E454,
uniE455,U+E455,
uniE456,U+E456,
uniE457,U+E457,
uniE458,U+E458,
uniE459,U+E459,
uniE45A,U+E45A,
uniE45B,U+E45B,
uniE45C,U+E45C,
uniE45D,U+E45D,
uniE45E,U+E45E,
uniE45F,U+E45F,
uniE460,U+E460,
uniE461,U+E461,
uniE462,U+E462,
uniE463,U+E463,
uniE464,U+E464,
uniE465,U+E465,
uniE466,U+E466,
uniE467,U+E467,
uniE468,U+E468,
uniE469,U+E469,
uniE46A,U+E46A,
uniE46B,U+E46B,
uniE46C,U+E46C,
uniE46D,U+E46D,
uniE46E,U+E46E,
uniE46F,U+E46F,
uniE470,U+E470,
uniE471,U+E471,
uniE472,U+E472,
uniE473,U+E473,
uniE474,U+E474,
uniE475,U+E475,
uniE476,U+E476,
uniE477,U+E477,
uniE478,U+E478,
uniE479,U+E479,
uniE47A,U+E47A,
uniE47B,U+E47B,
uniE47C,U+E47C,
uniE47D,U+E47D,
uniE47E,U+E47E,
uniE47F,U+E47F,
uniE480,U+E480,
uniE481,U+E481,
uniE482,U+E482,
uniE483,U+E483,
uniE484,U+E484,
uniE485,U+E485,
uniE486,U+E486,
uniE487,U+E487,
uniE488,U+E488,
uniE489,U+E489,
uniE48A,U+E48A,
uniE48B,U+E48B,
uniE48C,U+E48C,
uniE48D,U+E48D,
uniE48E,U+E48E,
uniE48F,U+E48F,
uniE490,U+E490,
uniE491,U+E491,
uniE492,U+E492,
uniE493,U+E493,
uniE494,U+E494,
uniE495,U+E495,
uniE496,U+E496,
uniE497,U+E497,
uniE498,U+E498,
uniE499,U+E499,
uniE49A,U+E49A,
uniE49B,U+E49B,
uniE49C,U+E49C,
uniE49D,U+E49D,
uniE49E,U+E49E,
uniE49F,U+E49F,
uniE4A0,U+E4A0,
uniE4A1,U+E4A1,
uniE4A2,U+E4A2,
uniE4A3,U+E4A3,
uniE4A4,U+E4A4,
uniE4A5,U+E4A5,
uniE4A6,U+E4A6,
uniE4A7,U+E4A7,
uniE4A8,U+E4A8,
uniE4A9,U+E4A9,
uniE4AA,U+E4AA,
uniE4AB,U+E4AB,
uniE4AC,U+E4AC,
uniE4AD,U+E4AD,
uniE4AE,U+E4AE,
uniE4AF,U+E4AF,
uniE4B0,U+E4B0,
uniE4B1,U+E4B1,
uniE4B2,U+E4B2,
uniE4B3,U+E4B3,
uniE4B4,U+E4B4,
uniE4B5,U+E4B5,
uniE4B6,U+E4B6,
uniE4B7,U+E4B7,
uniE4B8,U+E4B8,
uniE4B9,U+E4B9,
uniE4BA,U+E4BA,
uniE4BB,U+E4BB,
uniE4BC,U+E4BC,
uniE4BD,U+E4BD,
uniE4BE,U+E4BE,
uniE4BF,U+E4BF,
uniE4C0,U+E4C0,
uniE4C1,U+E4C1,
uniE4C2,U+E4C2,
uniE4C3,U+E4C3,
uniE4C4,U+E4C4,
uniE4C5,U+E4C5,
uniE4C6,U+E4C6,
uniE4C7,U+E4C7,
uniE4C8,U+E4C8,
uniE4C9,U+E4C9,
uniE4CA,U+E4CA,
uniE4CB,U+E4CB,
uniE4CC,U+E4CC,
uniE4CD,U+E4CD,
uniE4CE,U+E4CE,
uniE4CF,U+E4CF,
uniE4D0,U+E4D0,
uniE4D1,U+E4D1,
uniE4D2,U+E4D2,
uniE4D3,U+E4D3,
uniE4D4,U+E4D4,
uniE4D5,U+E4D5,
uniE4D6,U+E4D6,
uniE4D7,U+E4D7,
uniE4D8,U+E4D8,
uniE4D9,U+E4D9,
uniE4DA,U+E4DA,
uniE4DB,U+E4DB,
uniE4DC,U+E4DC,
uniE4DD,U+E4DD,
uniE4DE,U+E4DE,
uniE4DF,U+E4DF,
uniE4E0,U+E4E0,
uniE4E1,U+E4E1,
uniE4E2,U+E4E2,
uniE4E3,U+E4E3,
uniE4E4,U+E4E4,
uniE4E5,U+E4E5,
uniE4E6,U+E4E6,
uniE4E7,U+E4E7,
uniE4E8,U+E4E8,
uniE4E9,U+E4E9,
uniE4EA,U+E4EA,
uniE4EB,U+E4EB,
uniE4EC,U+E4EC,
uniE4ED,U+E4ED,
uniE4EE,U+E4EE,
uniE4EF,U+E4EF,
uniE4F0,U+E4F0,
uniE4F1,U+E4F1,
uniE4F2,U+E4F2,
uniE4F3,U+E4F3,
uniE4F4,U+E4F4,
uniE4F5,U+E4F5,
uniE4F6,U+E4F6,
uniE4F7,U+E4F7,
uniE4F8,U+E4F8,
uniE4F9,U+E4F9,
uniE4FA,U+E4FA,
uniE4FB,U+E4FB,
uniE4FC,U+E4FC,
uniE4FD,U+E4FD,
uniE4FE,U+E4FE,
uniE4FF,U+E4FF,
uniE500,U+E500,
uniE501,U+E501,
uniE502,U+E502,
uniE503,U+E503,
uniE504,U+E504,
uniE505,U+E505,
uniE506,U+E506,
uniE507,U+E507,
uniE508,U+E508,
uniE509,U+E509,
uniE50A,U+E50A,
uniE50B,U+E50B,
uniE50C,U+E50C,
uniE50D,U+E50D,
uniE50E,U+E50E,
uniE50F,U+E50F,
uniE510,U+E510,
uniE511,U+E511,
uniE512,U+E512,
uniE513,U+E513,
uniE514,U+E514,
uniE515,U+E515,
uniE516,U+E516,
uniE517,U+E517,
uniE518,U+E518,
uniE519,U+E519,
uniE51A,U+E51A,
uniE51B,U+E51B,
uniE51C,U+E51C,
uniE51D,U+E51D,
uniE51E,U+E51E,
uniE51F,U+E51F,
uniE520,U+E520,
uniE521,U+E521,
uniE522,U+E522,
uniE523,U+E523,
uniE524,U+E524,
uniE525,U+E525,
uniE526,U+E526,
uniE527,U+E527,
uniE528,U+E528,
uniE529,U+E529,
uniE52A,U+E52A,
uniE52B,U+E52B,
uniE52C,U+E52C,
uniE52D,U+E52D,
uniE52E,U+E52E,
uniE52F,U+E52F,
uniE530,U+E530,
uniE531,U+E531,
uniE532,U+E532,
uniE533,U+E533,
uniE534,U+E534,
uniE535,U+E535,
uniE536,U+E536,
uniE537,U+E537,
uniE538,U+E538,
uniE539,U+E539,
uniE53A,U+E53A,
uniE53B,U+E53B,
uniE53C,U+E53C,
uniE53D,U+E53D,
uniE53E,U+E53E,
uniE53F,U+E53F,
uniE540,U+E540,
uniE541,U+E541,
uniE542,U+E542,
uniE543,U+E543,
uniE544,U+E544,
uniE545,U+E545,
uniE546,U+E546,
uniE547,U+E547,
uniE548,U+E548,
uniE549,U+E549,
uniE54A,U+E54A,
uniE54B,U+E54B,
uniE54C,U+E54C,
uniE54D,U+E54D,
uniE54E,U+E54E,
uniE54F,U+E54F,
uniE550,U+E550,
uniE551,U+E551,
uniE552,U+E552,
uniE553,U+E553,
uniE554,U+E554,
uniE555,U+E555,
uniE556,U+E556,
uniE557,U+E557,
uniE558,U+E558,
uniE559,U+E559,
uniE55A,U+E55A,
uniE55B,U+E55B,
uniE55C,U+E55C,
uniE55D,U+E55D,
uniE55E,U+E55E,
uniE55F,U+E55F,
uniE560,U+E560,
uniE561,U+E561,
uniE562,U+E562,
uniE563,U+E563,
uniE564,U+E564,
uniE565,U+E565,
uniE566,U+E566,
uniE567,U+E567,
uniE568,U+E568,
uniE569,U+E569,
uniE56A,U+E56A,
uniE56B,U+E56B,
uniE56C,U+E56C,
uniE56D,U+E56D,
uniE56E,U+E56E,
uniE56F,U+E56F,
uniE570,U+E570,
uniE571,U+E571,
uniE572,U+E572,
uniE573,U+E573,
uniE574,U+E574,
uniE575,U+E575,
uniE576,U+E576,
uniE577,U+E577,
uniE578,U+E578,
uniE579,U+E579,
uniE57A,U+E57A,
uniE57B,U+E57B,
uniE57C,U+E57C,
uniE57D,U+E57D,
uniE57E,U+E57E,
uniE57F,U+E57F,
uniE580,U+E580,
uniE581,U+E581,
uniE582,U+E582,
uniE583,U+E583,
uniE584,U+E584,
uniE585,U+E585,
uniE586,U+E586,
uniE587,U+E587,
uniE588,U+E588,
uniE589,U+E589,
uniE58A,U+E58A,
uniE58B,U+E58B,
uniE58C,U+E58C,
uniE58D,U+E58D,
uniE58E,U+E58E,
uniE58F,U+E58F,
uniE590,U+E590,
uniE591,U+E591,
uniE592,U+E592,
uniE593,U+E593,
uniE594,U+E594,
uniE595,U+E595,
uniE596,U+E596,
uniE597,U+E597,
uniE598,U+E598,
uniE599,U+E599,
uniE59A,U+E59A,
uniE59B,U+E59B,
uniE59C,U+E59C,
uniE59D,U+E59D,
uniE59E,U+E59E,
uniE59F,U+E59F,
uniE5A0,U+E5A0,
uniE5A1,U+E5A1,
uniE5A2,U+E5A2,
uniE5A3,U+E5A3,
uniE5A4,U+E5A4,
uniE5A5,U+E5A5,
uniE5A6,U+E5A6,
uniE5A7,U+E5A7,
uniE5A8,U+E5A8,
uniE5A9,U+E5A9,
uniE5AA,U+E5AA,
uniE5AB,U+E5AB,
uniE5AC,U+E5AC,
uniE5AD,U+E5AD,
uniE5AE,U+E5AE,
uniE5AF,U+E5AF,
uniE5B0,U+E5B0,
uniE5B1,U+E5B1,
uniE5B2,U+E5B2,
uniE5B3,U+E5B3,
uniE5B4,U+E5B4,
uniE5B5,U+E5B5,
uniE5B6,U+E5B6,
uniE5B7,U+E5B7,
uniE5B8,U+E5B8,
uniE5B9,U+E5B9,
uniE5BA,U+E5BA,
uniE5BB,U+E5BB,
uniE5BC,U+E5BC,
uniE5BD,U+E5BD,
uniE5BE,U+E5BE,
uniE5BF,U+E5BF,
uniE5C0,U+E5C0,
uniE5C1,U+E5C1,
uniE5C2,U+E5C2,
uniE5C3,U+E5C3,
uniE5C4,U+E5C4,
uniE5C5,U+E5C5,
uniE5C6,U+E5C6,
uniE5C7,U+E5C7,
uniE5C8,U+E5C8,
uniE5C9,U+E5C9,
uniE5CA,U+E5CA,
uniE5CB,U+E5CB,
uniE5CC,U+E5CC,
uniE5CD,U+E5CD,
uniE5CE,U+E5CE,
uniE5CF,U+E5CF,
uniE5D0,U+E5D0,
uniE5D1,U+E5D1,
uniE5D2,U+E5D2,
uniE5D3,U+E5D3,
uniE5D4,U+E5D4,
uniE5D5,U+E5D5,
uniE5D6,U+E5D6,
uniE5D7,U+E5D7,
uniE5D8,U+E5D8,
uniE5D9,U+E5D9,
uniE5DA,U+E5DA,
uniE5DB,U+E5DB,
uniE5DC,U+E5DC,
uniE5DD,U+E5DD,
uniE5DE,U+E5DE,
uniE5DF,U+E5DF,
uniE5E0,U+E5E0,
uniE5E1,U+E5E1,
uniE5E2,U+E5E2,
uniE5E3,U+E5E3,
uniE5E4,U+E5E4,
uniE5E5,U+E5E5,
uniE5E6,U+E5E6,
uniE5E7,U+E5E7,
uniE5E8,U+E5E8,
uniE5E9,U+E5E9,
uniE5EA,U+E5EA,
uniE5EB,U+E5EB,
uniE5EC,U+E5EC,
uniE5ED,U+E5ED,
uniE5EE,U+E5EE,
uniE5EF,U+E5EF,
uniE5F0,U+E5F0,
uniE5F1,U+E5F1,
uniE5F2,U+E5F2,
uniE5F3,U+E5F3,
uniE5F4,U+E5F4,
uniE5F5,U+E5F5,
uniE5F6,U+E5F6,
uniE5F7,U+E5F7,
uniE5F8,U+E5F8,
uniE5F9,U+E5F9,
uniE5FA,U+E5FA,
uniE5FB,U+E5FB,
uniE5FC,U+E5FC,
uniE5FD,U+E5FD,
uniE5FE,U+E5FE,
uniE5FF,U+E5FF,
uniE600,U+E600,
uniE601,U+E601,
uniE602,U+E602,
uniE603,U+E603,
uniE604,U+E604,
uniE605,U+E605,
uniE606,U+E606,
uniE607,U+E607,
uniE608,U+E608,
uniE609,U+E609,
uniE60A,U+E60A,
uniE60B,U+E60B,
uniE60C,U+E60C,
uniE60D,U+E60D,
uniE60E,U+E60E,
uniE60F,U+E60F,
uniE610,U+E610,
uniE611,U+E611,
uniE612,U+E612,
uniE613,U+E613,
uniE614,U+E614,
uniE615,U+E615,
uniE616,U+E616,
uniE617,U+E617,
uniE618,U+E618,
uniE619,U+E619,
uniE61A,U+E61A,
uniE61B,U+E61B,
uniE61C,U+E61C,
uniE61D,U+E61D,
uniE61E,U+E61E,
uniE61F,U+E61F,
uniE620,U+E620,
uniE621,U+E621,
uniE622,U+E622,
uniE623,U+E623,
uniE624,U+E624,
uniE625,U+E625,
uniE626,U+E626,
uniE627,U+E627,
uniE628,U+E628,
uniE629,U+E629,
uniE62A,U+E62A,
uniE62B,U+E62B,
uniE62C,U+E62C,
uniE62D,U+E62D,
uniE62E,U+E62E,
uniE62F,U+E62F,
uniE630,U+E630,
uniE631,U+E631,
uniE632,U+E632,
uniE633,U+E633,
uniE634,U+E634,
uniE635,U+E635,
uniE636,U+E636,
uniE637,U+E637,
uniE638,U+E638,
uniE639,U+E639,
uniE63A,U+E63A,
uniE63B,U+E63B,
uniE63C,U+E63C,
uniE63D,U+E63D,
uniE63E,U+E63E,
uniE63F,U+E63F,
uniE640,U+E640,
uniE641,U+E641,
uniE642,U+E642,
uniE643,U+E643,
uniE644,U+E644,
uniE645,U+E645,
uniE646,U+E646,
uniE647,U+E647,
uniE648,U+E648,
uniE649,U+E649,
uniE64A,U+E64A,
uniE64B,U+E64B,
uniE64C,U+E64C,
uniE64D,U+E64D,
uniE64E,U+E64E,
uniE64F,U+E64F,
uniE650,U+E650,
uniE651,U+E651,
uniE652,U+E652,
uniE653,U+E653,
uniE654,U+E654,
uniE655,U+E655,
uniE656,U+E656,
uniE657,U+E657,
uniE658,U+E658,
uniE659,U+E659,
uniE65A,U+E65A,
uniE65B,U+E65B,
uniE65C,U+E65C,
uniE65D,U+E65D,
uniE65E,U+E65E,
uniE65F,U+E65F,
uniE660,U+E660,
uniE661,U+E661,
uniE662,U+E662,
uniE663,U+E663,
uniE664,U+E664,
uniE665,U+E665,
uniE666,U+E666,
uniE667,U+E667,
uniE668,U+E668,
uniE669,U+E669,
uniE66A,U+E66A,
uniE66B,U+E66B,
uniE66C,U+E66C,
uniE66D,U+E66D,
uniE66E,U+E66E,
uniE66F,U+E66F,
uniE670,U+E670,
uniE671,U+E671,
uniE672,U+E672,
uniE673,U+E673,
uniE674,U+E674,
uniE675,U+E675,
uniE676,U+E676,
uniE677,U+E677,
uniE678,U+E678,
uniE679,U+E679,
uniE67A,U+E67A,
uniE67B,U+E67B,
uniE67C,U+E67C,
uniE67D,U+E67D,
uniE67E,U+E67E,
uniE67F,U+E67F,
uniE680,U+E680,
uniE681,U+E681,
uniE682,U+E682,
uniE683,U+E683,
uniE684,U+E684,
uniE685,U+E685,
uniE686,U+E686,
uniE687,U+E687,
